Region,year,mean,count,sd,se
South,1959,7.27143033,1566,2.240966057,0.056629066
South,1960,7.326121881,1566,2.562838402,0.064762759
South,1961,6.679999025,1566,2.011665504,0.050834656
South,1962,7.121372575,1566,2.238318019,0.05656215
South,1963,6.920937157,1566,2.725900668,0.068883332
South,1964,7.677424127,1566,2.525153379,0.063810461
South,1965,7.096975558,1566,2.362194396,0.059692498
South,1966,6.035953029,1566,1.904397524,0.048124001
South,1967,7.283451567,1566,2.162426843,0.054644385
South,1968,6.149619344,1566,2.417478837,0.061089533
South,1969,5.715989679,1566,1.916830846,0.04843819
South,1970,7.608739198,1566,3.090837852,0.078105271
South,1971,7.195468307,1566,2.194574165,0.055456746
South,1972,8.00351551,1566,2.111793307,0.053364879
South,1973,7.345486714,1566,1.795626478,0.045375364
South,1974,9.067101148,1566,1.780974587,0.045005112
South,1975,9.000360765,1566,2.308293131,0.058330417
South,1976,9.471677773,1566,2.645208913,0.066844257
South,1977,6.055022259,1566,3.162625386,0.079919337
South,1978,7.328627297,1566,3.691404297,0.093281546
South,1979,7.061734519,1566,2.859316304,0.072254737
South,1980,6.654774881,1566,2.321932088,0.058675072
South,1981,6.193208817,1566,2.340972272,0.059156217
South,1982,6.885213566,1566,2.568423074,0.064903884
South,1983,8.610966247,1566,2.354298915,0.05949298
South,1984,7.735334915,1566,2.327656204,0.05881972
South,1985,7.232912119,1566,2.399888513,0.060645026
South,1986,8.019709829,1566,2.68412174,0.067827581
South,1987,7.249578574,1566,2.615982584,0.066105709
South,1988,7.229169353,1566,2.633161975,0.066539831
South,1989,7.329214458,1836,2.312037555,0.053958336
South,1990,8.69411038,1836,2.236536624,0.052196295
South,1991,8.283171164,1836,1.814804988,0.042353921
South,1992,8.758996791,1836,2.778086264,0.064834981
South,1993,6.388640911,1836,1.656613437,0.038662047
South,1994,6.484265114,1836,2.061000417,0.048099631
South,1995,8.109674754,1836,2.181033036,0.050900952
South,1996,6.156468867,1836,2.215955835,0.05171598
South,1997,8.472656134,1836,2.174705542,0.050753281
South,1998,7.325320848,1836,1.295132116,0.030225795
South,1999,8.228338618,1836,2.271656721,0.053015928
South,2000,7.97342443,1836,1.942018771,0.045322837
South,2001,7.220091714,1836,2.042636014,0.047671042
South,2002,9.822156956,1836,1.952397488,0.045565055
South,2003,6.772058303,1836,1.7688499,0.041281421
South,2004,6.163938307,1836,1.610259099,0.037580229
South,2005,6.290130475,1836,1.831699036,0.042748195
South,2006,8.969505335,1836,2.145107466,0.050062521
South,2007,8.017453972,1836,1.948001288,0.045462457
South,2008,9.264487558,1836,2.322672002,0.054206522
South,2009,7.594322035,1836,2.38979724,0.055773091
South,2010,6.384801077,1836,1.889406341,0.044094968
South,2011,7.263455981,1836,2.211928018,0.051621979
South,2012,10.00272128,1836,1.528015765,0.035660834
South,2013,8.00246964,1836,2.207664498,0.051522477
South,2014,7.741538069,1836,2.174892497,0.050757644
South,2015,6.793568179,1836,2.344081853,0.054706186
South,2016,9.317559702,1836,2.205458979,0.051471005
South,2017,8.593801584,1836,1.712920146,0.039976133
South,2018,7.747986678,1836,2.078418725,0.048506139
South,2019,7.450281135,1836,2.50004827,0.05834613
South,2020,9.153901528,1852,1.996236957,0.0463865
South,2021,8.342668414,1852,2.726916211,0.063365272
South,2022,9.330675756,1852,3.130981793,0.072754532
South,2023,9.385808975,1852,2.196888319,0.051049029
South,2024,8.274111585,1852,1.895876927,0.044054436
